stationId,stationName,latitude,longitude,region
28505268571336961948594948504,Phú Thọ: đường Hùng Vương - Tp Việt Trì (KK),21.3385,105.367,NE
28505272740301122608933325208,Đà Nẵng: 41 đường Lê Duẩn (KK),16.074,108.217,SCC
28915732959631398237539556920,Hà Nội: Khu vực Lăng Bác (KK),21.0356,105.833,RRD
31388836637198369136462150188,Bình Định: Khuôn viên Cây xanh gần cầu chui đường Hoa Lư - TP. Quy Nhơn (KK),13.7851,109.22,SCC
31388839920718814259329251882,"Bình Dương: số 593 Đại lộ Bình Dương, P. Hiệp Thành (KK)",10.9923,106.658,SE
31388851800421997746903202346,Đà Nẵng: Khuôn viên trường ĐH sư phạm Đà Nẵng (KK),16.0622,108.159,SCC
31388883344354363840031242796,Hà Nam: Công Viên Nam Cao - P.Quang Trung - TP. Phủ Lý (KK),20.536,105.916,RRD
31390903576425084107499649578,Hà Nội: ĐHBK cổng Parabol đường Giải Phóng (KK),21.0052,105.842,RRD
31390908889087377344742439468,Hà Nội: Công viên Nhân Chính - Khuất Duy Tiến (KK),21.0031,105.795,RRD
31390912357075263208060500522,HCM: Khu Liên cơ quan Bộ Tài Nguyên và Môi Trường - số 20 Đ. Lý Chính Thắng (KK),10.7823,106.683,SE
31390916083317566102523755051,HCM: Đ. Lê Hữu Kiều - P. Bình Trưng Tây - Quận 2 (Ngã ba Lê Hữu Kiểu và Trương Văn Bang) (KK),10.7832,106.753,SE
31390921469766835629621918251,Hưng Yên: số 437 Nguyễn Văn Linh - Tp Hưng Yên (KK),20.6618,106.059,RRD
31390928700890512538630765099,Lâm Đồng: Vườn hoa - đối diện THCS Lam Sơn - Phường 6 - TP Đà Lạt (KK),11.9527,108.43,CH
31390932574706768021562473002,Long An: UBND Tp Tân An - 76 Hùng Vương - P.2 (KK),10.5391,106.405,SE
31390939012620449761949792810,Ninh Thuận: Công viên (bến xe cũ) - Đ. Thống Nhất - P. Thanh Sơn - TP Phan Rang (KK),11.5736,108.992,SCC
31390944251495766704153049642,Quảng Nam: Tiếp giáp Đ. Hùng Vương - KDC Đ. Hồ Xuân Hương (KK),15.5621,108.487,SCC
31390951371938979254287350314,Quảng Ngãi: UBND P. Nguyễn Nghiêm - TP Quảng Ngãi (KK),15.121,108.804,SCC
31390957404024291365397346858,Thái Bình: Cầu Thái Bình - Đ. Trần Thái Tông - P. Bồ Xuyên - TP Thái Bình (KK),20.4578,106.344,RRD
31390965631272148257054013994,Vũng Tàu: Đ. Huyền Trân Công Chúa - Phường 8 - TP Vũng Tàu,10.4955,107.274,SE
31388868531618872623864101418,Hải Dương: UBND TP. Hải Dương - 106 Đường Trần Hưng Đạo (KK),20.9381,106.336,RRD
31836631011116458146308623213,Gia Lai: Trạm Diên Phú (KK),13.9425,107.997,CH
31570631866920915749872483233,Bình Định: huyện Tuy Phước (KK),13.7619,109.22,SCC
32226856627901174291787516193,Bắc Giang: Thôn Vĩnh An - xã Song Mai - TP. Bắc Giang (KK),21.3076,106.191,NE
32226870949329422321657029896,Bắc Giang: Số 1 đ. Hùng Vương - P. Lê Lợi - TP. Bắc Giang (KK),21.2684,106.205,NE
32364176301658391599618161719,Nam Định: Số 192 - Đ. Cù Chính Lan - P. Vị Xuyên ( Trạm nền ) (KK),20.4398,106.188,RRD
32364183997304919819454378150,Nam Định: Số 2 Trần Thánh Tông - P. Quang Trung (VT1) (KK),20.4378,106.176,RRD
32364190084730464143606411447,Nam Định: Thôn Vân Cát - P. Nam Vân - TP. Nam Định (VT2) (KK),20.3996,106.182,RRD
32364194875996560076825514951,Nam Định: Đường Trần Huy Liệu - P. Trường Thi (VT3) (KK),20.42,106.162,RRD
32364200193546216536440697093,Nam Định: Lô 29 - đ. Trương Hán Siêu - P. Lộc Hòa (VT4) (KK),20.4357,106.156,RRD
28916504310234840885489983032,Bắc Ninh: Khu liên cơ Thuận Thành - thị trấn Hồ (KK),21.0272,106.034,RRD
29544533341424688633522251105,Gia Lai: KCN Trà Đa - Tp Pleiku (KK),14.0177,108.035,CH
30487895627496546123240481728,Gia lai: Chư Sê (KK),13.6987,108.076,CH
29828513366380889034790000096,Hưng Yên: Nhà văn hóa xã Tân Quang - h.Văn Lâm (KK),20.9805,105.974,RRD
28599103930259709512833128161,Quảng Ninh: Phường Cẩm Thịnh - Cẩm Phả (KK),21.0065,107.344,NE
29996239538320865599553202177,Tây Ninh: Thị xã Trảng Bàng (KK),11.0303,106.356,SE
29203727697074312726675247132,"Thái Bình: xã Thái Thọ, huyện Thái Thụy (KK)",20.4616,106.517,RRD
30921862678974937849512304668,Trà Vinh: Tp. Trà Vinh (KK),9.92389,106.34,SE
29098314940209976158571475636,"Trà Vinh: xã Dân Thành, TX Duyên Hải (KK)",9.59914,106.52,SE
29098319146067624969113973428,"Trà Vinh: xã Đông Hải, huyện Duyên Hải (KK)",9.57555,106.488,SE
28560877461938780203765592307,Hà Nội: 556 Nguyễn Văn Cừ (KK),21.0491,105.883,RRD
31651502905690497791503780869,Thái Nguyên: Sân vận động Gang thép - P Trung Thành - TP Thái Nguyên (KK),21.5391,105.872,NE
31616865099255512061948816121,Đà Nẵng: Phạm Hùng (KK),15.9961,108.207,SCC
30991938797551443885460120607,"Sóc Trăng: Sở TNMT - 16 Hùng Vương, P.6, Tp. Sóc Trăng (KK)",9.61358,105.968,SE
30668578626453200136007481288,"Vĩnh Long: UBND tỉnh, đường Hoàng Thái Hiếu (KK)",10.2513,105.947,SE
28602837126985114455002404577,Quảng Ninh: UBND TP Uông Bí (KK),21.0358,106.764,NE
29996225242094208443243751425,Tây Ninh: Phường 3 - TP. Tây Ninh (KK),11.3277,106.104,SE
29936546593921360616662752773,Hưng Yên: Trạm khí xung quanh KCN Thăng long II (KK),20.6617,106.059,RRD
29541549672804486395063249961,Gia Lai: UBND thị xã An Khê (KK),13.9539,108.656,CH
29518885338952740244749551027,Quảng Ninh: Nhuệ Hổ - Đông Triều (KK),21.07,106.556,NE
29518872592252585279589451187,Quảng Ninh: Km11 - Minh Thành (KK),21.0062,106.859,NE
29518862280522648049760863667,Quảng Ninh: UBND huyện Hải Hà (KK),21.4528,107.76,NE
29518852005686198968139908531,Quảng Ninh: Gần KCN Cái Lân (KK),20.9725,107.044,NE
29518839738601389925132404147,"Quảng Ninh: Trung tâm văn hóa thể thao Cẩm Phả, đường Trần Phú, phường Cẩm Trung (KK)",21.0093,107.274,NE
29196021237696127337075448678,Bắc Ninh: UBND xã Cao Đức - Gia Bình (KK),21.0832,106.281,RRD
29196010501691076420299004774,Bắc Ninh: TT Quan trắc - phường Suối Hoa - TP Bắc Ninh (KK),21.1873,106.074,RRD
28916774462801800655608897080,Bắc Ninh: UBND xã Xuân Lâm - Thuận Thành (KK),21.0243,106.017,RRD
30018605256279546654144260098,Lào Cai: KCN Tằng Loỏng - trạm số 2 (KK),22.2955,104.134,NW
28916766954976962647717994040,"Bắc Ninh: UBND huyện Quế Võ, TT Phố Mới (KK)",21.1518,106.152,RRD
28916576381663936943098322488,Bắc Ninh: KCN Yên Phong (gần trạm cấp nước sạch) (KK),21.1968,105.993,RRD
28916745851901742294496599608,Bắc Ninh: KCN Tiên Sơn (Trạm cấp nước sạch KCN) - Từ Sơn (KK),21.1194,105.99,RRD
28602897318711027016899843809,Quảng Ninh: Nhà máy tuyển than Nam Cầu Trắng - Hạ Long (KK),20.9454,107.131,NE
28602553176253587650986727137,Quảng Ninh: UBND phường Mạo Khê - Đông Triều (KK),21.0585,106.598,NE
28601787986862666164115166945,Quảng Ninh: Văn phòng C.ty than Khe Chàm - Tp Cẩm Phả (KK),21.0652,107.326,NE
28601309072493024807602706145,Quảng Ninh: phường Cao Xanh  - Hạ Long (KK),20.9797,107.087,NE
32496602817040565458030689725,"Hà Nội: 79 Văn Tiến Dũng, Tây Tựu (LCS)",21.0608,105.749,RRD
32496693563219291690449469264,Hải Phòng: Trụ sở ủy ban xã Phạm Sư Mạnh cũ (LCS),21.0272,106.509,RRD
32497734637638860594066758096,Thái Nguyên: Trung Tâm Hành Chính Công Xã Đồng Hỷ (LCS),21.5761,106.503,NE
32497836911670612380284465171,Thái Nguyên: UBND Xã Quang Sơn (LCS),21.6959,105.864,NE
32497696449863912939996438674,"Hà Nội: 79 Văn Tiến Dũng, Tây Tựu 2 (LCS)",21.0608,105.749,RRD
32496627929703877431864819302,Hà Nội: UBND xã Ngọc Liệp (LCS),20.9968,105.596,RRD
32496584622031367061634346762,Hưng Yên: Cổng bảo vệ  ủy ban xã Như Quỳnh (LCS),20.9769,105.994,RRD
32496597338357575566293859742,"Hà Nội:TT Quan trắc môi trường miền Bắc, 556 Nguyễn Văn Cừ (LCS)",21.0487,105.882,RRD
32496608539373531178394552735,"Hà Nội: Tổng cục Biển và Hải đảo, Bộ Tài nguyên và Môi trường - 83 Nguyễn Chí Thanh(LCS)",21.0224,105.81,RRD
32496614298366895058622457929,Hà Nội: Công an xã Hoài Đức (LCS),21.0683,105.708,RRD
32496619672150063767061412126,"Hà Nội: Cột điện cổng phụ Trường tiểu học Phú Lãm, phường Phú Lương (LCS)",20.9436,105.754,RRD
32496631939608265457394360507,"Hà Nội: Trường tiểu học Minh Khai, P. Thanh Nhàn (LCS)",21.0045,105.853,RRD
32496634188432693119199539147,Hà Nội: UBND xã Trần Phú (LCS),20.8327,105.671,RRD
32497722117136617634216524795,Hải Phòng: Cổng bảo vệ trường tiểu học phả lại phường Chí Linh (LCS),21.1126,106.333,RRD
32497686304154672399743049842,Hà Nội: UBND xã Chương Dương (LCS),20.8632,105.917,RRD
32496644961331232165577682920,Hà Nội: Ban chỉ huy Quân sự xã Phúc Thọ(LCS),21.1044,105.544,RRD
32497740397859994680382176275,Hải Phòng: Ban chỉ huy quân sự xã An Quang (LCS),20.8084,106.531,RRD
32497743881131035780167864566,Hải Phòng: Vọng gác công an phường Bạch Đằng (LCS),20.9915,106.706,RRD
32497745839288232378111853921,Hải Phòng: cột điện Phường Bạch Đằng (anh Vân - 098 9325417) (LCS),20.9618,106.749,RRD
32496640019282169742177968358,Hà Nội: UBND phường Quan Hoa (cũ)(LCS),21.0346,105.8,RRD
32496599090403802522844462004,Hưng Yên: Nhà văn hoá thế thôn Hồng Cầu (LCS),20.9615,106.021,RRD
32496635793299427531930529746,"Hà Nội: Cổng Trường tiểu học Thịnh Hào, phường Ô Chợ Dừa(LCS)",21.0188,105.829,RRD
32496648232690046548195134965,Hà Nội: UBND TT Phùng(LCS),21.0833,105.669,RRD
32496649796320141677664228873,Hà Nội: UBND xã Chuyên Mỹ(LCS),20.6957,105.899,RRD
32496654659036040237005110994,"Hà Nội: Trường mầm non B, Ngọc Hồi(LCS)",20.9242,105.834,RRD
32496656699585544717774158962,Hà Nội: UBND phường Định Công(LCS),20.9777,105.822,RRD
32496659849795661849369859648,"Hà Nội: Nhà bảo vệ Trường THCS Tây Đằng, xã Quảng Oai(LCS)",21.1959,105.428,RRD
32497674830731204969056502556,Hà Nội: UBND xã Thanh Thuỳ (LCS),20.8707,105.806,RRD
32497682732178779599258375030,Hà Nội: UBND phường Hoàng Liệt(LCS),20.9662,105.838,RRD
32497684349251147003185136481,Hà Nội: Tường rào -Trước cổng bảo vệ UBND phường Long Biên (LCS),21.0233,105.906,RRD
32497689422265798936416998264,"Hà Nội: Cổng 3, Bộ Tài nguyên và Môi trường, 10 Tôn Thất Thuyết (LCS)",21.028,105.783,RRD
32497693512462826621189636013,"Hà Nội: Nhà bảo vệ Cung thể thao tổng hợp Quần Ngựa (phố Văn Cao), Phường Liễu Giai, quận Ba Đình (LCS)",21.0407,105.816,RRD
32497698154816065885508975523,"Hà Nội: Cục Viễn Thám quốc gia, Bộ Tài nguyên và Môi trường số 79 Văn Tiến Dũng (LCS)",21.0608,105.749,RRD
32497715505350541081963258104,"Hải Phòng: Cổng bảo vệ, ủy ban xã Nguyễn Lương Bằng (LCS)",20.8345,106.221,RRD
32496615589638980218291071052,Hưng Yên: Tường trước mặt nhà Văn hóa Phong Cốc (LCS),20.9201,106.138,RRD
32496646519546184688745583087,Hà Nội: Viện hàn lâm Khoa học và Công nghệ - 18 Hoàng Quốc Việt - Phường Nghĩa Đô(LCS),21.0464,105.802,RRD
32496653072616049897983672014,"Hà Nội: TT văn hoá thể thao Ninh Hiệp, xã Ninh Hiệp(LCS)",21.0787,105.945,RRD
32496658274959142730665276769,Hà Nội: UBND xã Song Phương(LCS),21.0174,105.697,RRD
32497687835845808597395559285,Hà Nội: UBND xã Quang Minh (LCS),21.1781,105.729,RRD
32497691894129504813496914814,Hà Nội: Nhà bảo vệ UBND xã Phúc Thịnh (LCS),21.1775,105.839,RRD
32497713513553527537986241519,"Hải Phòng: Cổng bảo vệ trường tiểu học Tử Lạc, phường Nhị Chiểu (LCS)",21.0337,106.597,RRD
32496578935958505757412009876,Hưng Yên: Cổng bảo vệ xã Phạm Ngũ Lão (trụ sở cũ xã Phù Ủng) (LCS),20.892,106.137,RRD
32496590242207758224773467210,Hải Phòng:  Địa điểm 2 của công an phường Phạm Sư Mạnh (LCS),21.0104,106.528,RRD
32496618056220078954907439411,Hưng Yên: Nhà văn hoá thôn Lường xã Thượng Hồng (LCS),20.9178,106.121,RRD
32496621120052989448308754893,"Lạng Sơn: Cột điện đối diện nhà văn hóa khu Pha Lác, xã Chi Lăng (LCS)",21.5761,106.503,NE
32496634971884394546566271369,"Hải Phòng: Trạm thủy văn Do Nghi, phường Nam Triệu (LCS)",20.9378,106.764,RRD
32496670530460480527200245359,Hải Phòng: Phòng kinh tế môi trường - Ủy ban phường Bạch Đằng (LCS),20.9562,106.745,RRD
32496674426906599552653261962,Hải Phòng: Cổng bảo vệ trường mầm non Tam Hưng- phường Nam Triệu (LCS),20.9399,106.75,RRD
32496700750804852782040219324,Hải Phòng: ủy ban phường Phạm Sư Mạnh (LCS),21.0062,106.533,RRD
32497682375609562779368280919,Hải Phòng: Phòng bảo vệ trường mầm non Gia Đức- phường Bạch Đằng (LCS),20.9867,106.739,RRD
32497816774243732691318562431,"Lạng Sơn: Tường phía sau lưng nhà văn hóa khu Trung Thịnh, xã Chi Lăng (LCS)",21.5581,106.481,NE
32497825983352144945122444532,"Ninh Bình: Cổng bảo vệ trạm bơm Hoành Uyển, phường Hà Nam (LCS)",20.6748,105.899,RRD
32497829304160538258698536470,Ninh Bình: UBND Phường Hà Nam (LCS),20.5831,105.928,RRD
32497832479169427549528529636,Ninh Bình: Đảng ủy - HĐND phường Hà Nam (LCS),20.5535,105.934,RRD
32497834813217474579076019998,Ninh Bình: Trung tâm Hành chính công Phường Đồng Văn (LCS),20.6415,105.902,RRD
32497839438874550478493036568,"Thái Nguyên: Trạm quan trắc nước tại đập Ba Đa, phường Cam Giá (LCS)",21.5683,105.847,NE
32497845274199713703151904970,Thái Nguyên: UBND Phường Gia Sàng (LCS),21.554,105.842,NE
US_EMBASSY_HAN,US Embassy Hanoi - 7 Láng Hạ Ba Đình,21.0219,105.8188,RRD
US_CONSULATE_HCM,US Consulate HCMC - 4 Lê Duẩn District 1,10.7769,106.7009,SE
